entidad,sembrada,cosechada,siniestrada,produccion,rendimiento_udm_ha_,anio,mes
Aguascalientes,23.0,0.0,0.0,0.0,0.0,2018,1
Baja California,46.75,0.0,0.0,0.0,0.0,2018,1
Baja California Sur,168.0,0.0,0.0,0.0,0.0,2018,1
Campeche,80.5,0.0,0.0,0.0,0.0,2018,1
Colima,773.5,0.0,0.0,0.0,0.0,2018,1
Chiapas,3281.0,103.0,0.0,94.98,0.92,2018,1
Durango,1084.23,0.0,0.0,0.0,0.0,2018,1
Guanajuato,292.0,114.0,0.0,604.82,5.31,2018,1
Guerrero,4272.98,86.78,0.0,364.24,4.2,2018,1
Hidalgo,861.7,0.0,0.0,0.0,0.0,2018,1
Jalisco,22533.83,2841.2,0.0,7802.11,2.75,2018,1
México,9977.67,0.0,0.0,0.0,0.0,2018,1
Michoacán,166511.84,146751.12,0.0,173670.8,1.18,2018,1
Morelos,5442.7,0.0,0.0,0.0,0.0,2018,1
Nayarit,7058.56,0.0,0.0,0.0,0.0,2018,1
Nuevo León,681.1,0.0,0.0,0.0,0.0,2018,1
Oaxaca,3221.58,809.83,0.0,576.48,0.71,2018,1
Puebla,2974.45,0.0,0.0,0.0,0.0,2018,1
Querétaro,157.5,0.0,0.0,0.0,0.0,2018,1
San Luis Potosí,67.0,0.0,0.0,0.0,0.0,2018,1
Sinaloa,13.5,0.0,0.0,0.0,0.0,2018,1
Sonora,30.0,0.0,0.0,0.0,0.0,2018,1
Tabasco,59.0,0.0,0.0,0.0,0.0,2018,1
Tlaxcala,25.0,0.0,0.0,0.0,0.0,2018,1
Veracruz,962.0,12.0,0.0,35.0,2.92,2018,1
Yucatán,385.65,24.1,0.0,661.24,27.44,2018,1
Zacatecas,43.0,0.0,0.0,0.0,0.0,2018,1
Total,231028.04,150742.03,0.0,183809.67,1.22,2018,1
Aguascalientes,23.0,0.0,0.0,0.0,0.0,2018,2
Baja California,46.75,0.0,0.0,0.0,0.0,2018,2
Baja California Sur,168.0,0.0,0.0,0.0,0.0,2018,2
Campeche,80.5,0.0,0.0,0.0,0.0,2018,2
Colima,773.5,0.0,0.0,0.0,0.0,2018,2
Chiapas,3281.0,103.0,0.0,179.35,1.74,2018,2
Durango,1084.23,0.0,0.0,0.0,0.0,2018,2
Guanajuato,292.0,142.0,0.0,704.82,4.96,2018,2
Guerrero,4272.98,217.8,0.0,863.03,3.96,2018,2
Hidalgo,861.7,0.0,0.0,0.0,0.0,2018,2
Jalisco,22533.83,3150.2,0.0,12877.36,4.09,2018,2
México,9977.67,723.0,0.0,6842.14,9.46,2018,2
Michoacán,166511.84,149357.52,0.0,355652.65,2.38,2018,2
Morelos,5442.7,61.5,0.0,461.73,7.51,2018,2
Nayarit,7058.56,0.0,0.0,0.0,0.0,2018,2
Nuevo León,681.1,0.0,0.0,0.0,0.0,2018,2
Oaxaca,3221.58,867.52,0.0,1026.92,1.18,2018,2
Puebla,2974.45,961.3,0.0,2295.94,2.39,2018,2
Querétaro,157.5,0.0,0.0,0.0,0.0,2018,2
San Luis Potosí,67.0,0.0,0.0,0.0,0.0,2018,2
Sinaloa,13.5,0.0,0.0,0.0,0.0,2018,2
Sonora,30.0,0.0,0.0,0.0,0.0,2018,2
Tabasco,59.0,0.0,0.0,0.0,0.0,2018,2
Tlaxcala,25.0,0.0,0.0,0.0,0.0,2018,2
Veracruz,962.0,12.0,0.0,35.0,2.92,2018,2
Yucatán,385.65,24.6,0.0,661.54,26.89,2018,2
Zacatecas,43.0,0.0,0.0,0.0,0.0,2018,2
Total,231028.04,155620.44,0.0,381600.48,2.45,2018,2
Aguascalientes,23.0,0.0,0.0,0.0,0.0,2018,3
Baja California,46.75,0.0,0.0,0.0,0.0,2018,3
Baja California Sur,168.0,0.0,0.0,0.0,0.0,2018,3
Campeche,80.5,0.0,0.0,0.0,0.0,2018,3
Colima,773.5,0.0,0.0,0.0,0.0,2018,3
Chiapas,3281.0,103.0,0.0,326.6,3.17,2018,3
Durango,1084.23,0.0,0.0,0.0,0.0,2018,3
Guanajuato,292.0,142.0,0.0,704.82,4.96,2018,3
Guerrero,4272.98,491.05,0.0,2754.23,5.61,2018,3
Hidalgo,861.7,0.0,0.0,0.0,0.0,2018,3
Jalisco,22533.83,4131.52,0.0,18221.37,4.41,2018,3
México,9977.67,736.9,0.0,7019.86,9.53,2018,3
Michoacán,166511.84,150317.52,0.0,528901.59,3.52,2018,3
Morelos,5442.7,100.0,0.0,710.87,7.11,2018,3
Nayarit,7058.56,0.0,0.0,0.0,0.0,2018,3
Nuevo León,681.1,0.0,0.0,0.0,0.0,2018,3
Oaxaca,3221.58,918.15,0.0,1337.92,1.46,2018,3
Puebla,2974.45,1060.3,0.0,2694.94,2.54,2018,3
Querétaro,157.5,0.0,0.0,0.0,0.0,2018,3
San Luis Potosí,67.0,0.0,0.0,0.0,0.0,2018,3
Sinaloa,13.5,0.0,0.0,0.0,0.0,2018,3
Sonora,30.0,0.0,0.0,0.0,0.0,2018,3
Tabasco,59.0,0.0,0.0,0.0,0.0,2018,3
Tlaxcala,25.0,0.0,0.0,0.0,0.0,2018,3
Veracruz,962.0,82.0,0.0,417.1,5.09,2018,3
Yucatán,385.65,41.7,0.0,972.01,23.31,2018,3
Zacatecas,43.0,0.0,0.0,0.0,0.0,2018,3
Total,231028.04,158124.14,0.0,564061.31,3.57,2018,3
Aguascalientes,23.0,0.0,0.0,0.0,0.0,2018,4
Baja California,46.75,0.0,0.0,0.0,0.0,2018,4
Baja California Sur,168.0,0.0,0.0,0.0,0.0,2018,4
Campeche,80.5,0.0,0.0,0.0,0.0,2018,4
Colima,773.5,721.5,0.0,2613.45,3.62,2018,4
Chiapas,3281.0,152.0,0.0,548.3,3.61,2018,4
Durango,1084.23,0.0,0.0,0.0,0.0,2018,4
Guanajuato,292.0,142.0,0.0,704.82,4.96,2018,4
Guerrero,4272.98,1116.59,0.0,5705.0,5.11,2018,4
Hidalgo,861.7,0.0,0.0,0.0,0.0,2018,4
Jalisco,22533.83,10728.04,0.0,39077.34,3.64,2018,4
México,9977.67,933.9,0.0,9321.88,9.98,2018,4
Michoacán,166511.84,150383.72,0.0,665755.8,4.43,2018,4
Morelos,5442.7,634.4,0.0,3052.05,4.81,2018,4
Nayarit,7058.56,0.0,0.0,0.0,0.0,2018,4
Nuevo León,681.1,0.0,0.0,0.0,0.0,2018,4
Oaxaca,3221.58,983.9,0.0,1594.56,1.62,2018,4
Puebla,2974.45,1061.3,0.0,4562.65,4.3,2018,4
Querétaro,157.5,0.0,0.0,0.0,0.0,2018,4
San Luis Potosí,67.0,0.0,0.0,0.0,0.0,2018,4
Sinaloa,13.5,0.0,0.0,0.0,0.0,2018,4
Sonora,30.0,0.0,0.0,0.0,0.0,2018,4
Tabasco,59.0,0.0,0.0,0.0,0.0,2018,4
Tlaxcala,25.0,0.0,0.0,0.0,0.0,2018,4
Veracruz,962.0,581.0,0.0,3630.0,6.25,2018,4
Yucatán,385.65,66.6,0.0,1603.26,24.07,2018,4
Zacatecas,43.0,0.0,0.0,0.0,0.0,2018,4
Total,231028.04,167504.95,0.0,738169.11,4.41,2018,4
Aguascalientes,23.0,0.0,0.0,0.0,0.0,2018,5
Baja California,46.75,0.0,0.0,0.0,0.0,2018,5
Baja California Sur,168.0,0.0,0.0,0.0,0.0,2018,5
Campeche,80.5,0.0,0.0,0.0,0.0,2018,5
Colima,773.5,721.5,0.0,2613.45,3.62,2018,5
Chiapas,3281.0,152.0,0.0,705.39,4.64,2018,5
Durango,1084.23,0.0,0.0,0.0,0.0,2018,5
Guanajuato,292.0,142.0,0.0,705.5,4.97,2018,5
Guerrero,4272.98,1755.98,0.0,10651.08,6.07,2018,5
Hidalgo,861.7,2.5,0.0,10.0,4.0,2018,5
Jalisco,22533.83,10822.54,0.0,47991.12,4.43,2018,5
México,9977.67,2359.4,0.0,28848.15,12.23,2018,5
Michoacán,166511.84,150882.32,0.0,780075.27,5.17,2018,5
Morelos,5442.7,865.0,0.0,4709.25,5.44,2018,5
Nayarit,7058.56,0.0,0.0,0.0,0.0,2018,5
Nuevo León,681.1,0.0,0.0,0.0,0.0,2018,5
Oaxaca,3221.58,1104.35,0.0,2186.98,1.98,2018,5
Puebla,2974.45,1458.8,0.0,6637.38,4.55,2018,5
Querétaro,157.5,0.0,0.0,0.0,0.0,2018,5
San Luis Potosí,67.0,0.0,0.0,0.0,0.0,2018,5
Sinaloa,13.5,4.0,0.0,16.0,4.0,2018,5
Sonora,30.0,0.0,0.0,0.0,0.0,2018,5
Tabasco,59.0,0.0,0.0,0.0,0.0,2018,5
Tlaxcala,25.0,0.0,0.0,0.0,0.0,2018,5
Veracruz,962.0,612.0,0.0,6122.5,10.0,2018,5
Yucatán,385.65,88.5,0.0,2157.5,24.38,2018,5
Zacatecas,43.0,0.0,0.0,0.0,0.0,2018,5
Total,231028.04,170970.89,0.0,893429.57,5.23,2018,5
Aguascalientes,23.0,0.0,0.0,0.0,0.0,2018,6
Baja California,46.75,0.0,0.0,0.0,0.0,2018,6
Baja California Sur,168.0,57.0,0.0,120.0,2.11,2018,6
Campeche,80.5,0.0,0.0,0.0,0.0,2018,6
Colima,773.5,721.5,0.0,2643.49,3.66,2018,6
Chiapas,3281.0,624.0,0.0,1125.24,1.8,2018,6
Durango,1084.23,0.0,0.0,0.0,0.0,2018,6
Guanajuato,292.0,151.0,0.0,731.35,4.84,2018,6
Guerrero,4272.98,2461.64,0.0,17755.64,7.21,2018,6
Hidalgo,861.7,29.5,0.0,119.55,4.05,2018,6
Jalisco,22533.83,10900.54,0.0,51343.99,4.71,2018,6
México,9977.67,4810.86,0.0,56937.94,11.84,2018,6
Michoacán,166511.84,150937.71,0.0,893765.42,5.92,2018,6
Morelos,5442.7,1405.8,0.0,8501.05,6.05,2018,6
Nayarit,7058.56,0.0,0.0,0.0,0.0,2018,6
Nuevo León,681.1,0.0,0.0,0.0,0.0,2018,6
Oaxaca,3221.58,1537.3,0.0,2880.87,1.87,2018,6
Puebla,2974.45,1841.6,0.0,9076.79,4.93,2018,6
Querétaro,157.5,0.0,0.0,0.0,0.0,2018,6
San Luis Potosí,67.0,0.0,0.0,0.0,0.0,2018,6
Sinaloa,13.5,4.0,0.0,28.0,7.0,2018,6
Sonora,30.0,0.0,0.0,0.0,0.0,2018,6
Tabasco,59.0,0.0,0.0,0.0,0.0,2018,6
Tlaxcala,25.0,0.0,0.0,0.0,0.0,2018,6
Veracruz,962.0,629.0,0.0,6688.5,10.63,2018,6
Yucatán,385.65,110.7,0.0,2836.33,25.62,2018,6
Zacatecas,43.0,0.0,0.0,0.0,0.0,2018,6
Total,231028.04,176222.15,0.0,1054554.16,5.98,2018,6
Aguascalientes,23.0,0.0,0.0,0.0,0.0,2018,7
Baja California,46.75,0.0,0.0,0.0,0.0,2018,7
Baja California Sur,168.0,57.0,0.0,120.0,2.11,2018,7
Campeche,80.5,68.5,0.0,236.39,3.45,2018,7
Colima,773.5,721.5,0.0,3473.97,4.81,2018,7
Chiapas,3281.0,1161.5,0.0,2432.87,2.09,2018,7
Durango,1084.23,403.0,0.0,1498.39,3.72,2018,7
Guanajuato,292.0,174.0,0.0,781.0,4.49,2018,7
Guerrero,4272.98,2774.21,0.0,20553.02,7.41,2018,7
Hidalgo,861.7,120.2,0.0,672.99,5.6,2018,7
Jalisco,22533.83,11763.54,0.0,59582.52,5.07,2018,7
México,9977.67,5755.96,0.0,68326.17,11.87,2018,7
Michoacán,166511.84,151268.01,0.0,992815.68,6.56,2018,7
Morelos,5442.7,2421.3,0.0,19563.18,8.08,2018,7
Nayarit,7058.56,1617.5,0.0,4491.86,2.78,2018,7
Nuevo León,681.1,4.0,0.0,8.4,2.1,2018,7
Oaxaca,3221.58,1809.75,0.0,3764.36,2.08,2018,7
Puebla,2974.45,2118.9,0.0,11408.68,5.38,2018,7
Querétaro,157.5,0.0,0.0,0.0,0.0,2018,7
San Luis Potosí,67.0,8.5,0.0,23.25,2.74,2018,7
Sinaloa,13.5,6.5,0.0,61.0,9.38,2018,7
Sonora,30.0,0.0,0.0,0.0,0.0,2018,7
Tabasco,59.0,37.0,0.0,14.54,0.39,2018,7
Tlaxcala,25.0,0.0,0.0,0.0,0.0,2018,7
Veracruz,962.0,701.0,0.0,7379.7,10.53,2018,7
Yucatán,385.65,188.55,0.0,4597.11,24.38,2018,7
Zacatecas,43.0,0.0,0.0,0.0,0.0,2018,7
Total,231028.04,183180.42,0.0,1201805.08,6.56,2018,7
Aguascalientes,23.0,0.0,0.0,0.0,0.0,2018,8
Baja California,46.75,0.0,0.0,0.0,0.0,2018,8
Baja California Sur,168.0,57.0,0.0,120.0,2.11,2018,8
Campeche,80.5,71.5,0.0,563.99,7.89,2018,8
Colima,773.5,721.5,0.0,4567.24,6.33,2018,8
Chiapas,3281.0,1729.6,0.0,6243.92,3.61,2018,8
Durango,1084.23,538.0,0.0,2018.74,3.75,2018,8
Guanajuato,292.0,188.0,0.0,859.0,4.57,2018,8
Guerrero,4272.98,2988.89,0.0,22664.65,7.58,2018,8
Hidalgo,861.7,258.6,0.0,1726.31,6.68,2018,8
Jalisco,22533.83,13777.39,0.0,69729.28,5.06,2018,8
México,9977.67,6361.76,0.0,76729.11,12.06,2018,8
Michoacán,166511.84,151447.11,0.0,1103725.25,7.29,2018,8
Morelos,5442.7,4384.3,0.0,34340.83,7.83,2018,8
Nayarit,7058.56,5521.99,0.0,12315.29,2.23,2018,8
Nuevo León,681.1,470.5,0.0,1098.34,2.33,2018,8
Oaxaca,3221.58,1834.75,0.0,4815.32,2.62,2018,8
Puebla,2974.45,2156.65,0.0,12464.69,5.78,2018,8
Querétaro,157.5,77.0,0.0,36.16,0.47,2018,8
San Luis Potosí,67.0,27.0,0.0,95.53,3.54,2018,8
Sinaloa,13.5,8.0,0.0,78.0,9.75,2018,8
Sonora,30.0,0.0,0.0,0.0,0.0,2018,8
Tabasco,59.0,59.0,0.0,167.76,2.84,2018,8
Tlaxcala,25.0,25.0,0.0,174.5,6.98,2018,8
Veracruz,962.0,704.0,0.0,7395.3,10.5,2018,8
Yucatán,385.65,225.35,0.0,5669.86,25.16,2018,8
Zacatecas,43.0,0.0,0.0,0.0,0.0,2018,8
Total,231028.04,193632.89,0.0,1367599.07,7.06,2018,8
Aguascalientes,23.0,0.0,0.0,0.0,0.0,2018,9
Baja California,46.75,0.0,0.0,0.0,0.0,2018,9
Baja California Sur,168.0,57.0,0.0,120.0,2.11,2018,9
Campeche,80.5,71.5,0.0,718.51,10.05,2018,9
Colima,773.5,721.5,0.0,4620.85,6.4,2018,9
Chiapas,3281.0,1729.6,0.0,9014.21,5.21,2018,9
Durango,1084.23,845.23,0.0,3197.91,3.78,2018,9
Guanajuato,292.0,219.0,0.0,910.2,4.16,2018,9
Guerrero,4272.98,3347.89,0.0,25058.8,7.48,2018,9
Hidalgo,861.7,398.1,7.0,3085.01,7.75,2018,9
Jalisco,22533.83,16496.39,0.0,91200.76,5.53,2018,9
México,9977.67,7128.51,0.0,85536.33,12.0,2018,9
Michoacán,166511.84,151787.81,0.0,1221952.3,8.05,2018,9
Morelos,5442.7,4929.7,0.0,38633.58,7.84,2018,9
Nayarit,7058.56,5601.99,0.0,28647.54,5.11,2018,9
Nuevo León,681.1,679.3,0.0,1719.93,2.53,2018,9
Oaxaca,3221.58,1877.24,0.0,5233.11,2.79,2018,9
Puebla,2974.45,2166.75,0.0,14204.8,6.56,2018,9
Querétaro,157.5,104.0,0.0,85.88,0.83,2018,9
San Luis Potosí,67.0,27.0,0.0,130.88,4.85,2018,9
Sinaloa,13.5,12.5,0.0,128.0,10.24,2018,9
Sonora,30.0,0.0,0.0,0.0,0.0,2018,9
Tabasco,59.0,59.0,0.0,262.68,4.45,2018,9
Tlaxcala,25.0,25.0,0.0,174.5,6.98,2018,9
Veracruz,962.0,704.0,0.0,7395.3,10.5,2018,9
Yucatán,385.65,295.85,0.0,7413.17,25.06,2018,9
Zacatecas,43.0,0.0,0.0,0.0,0.0,2018,9
Total,231028.04,199284.86,7.0,1549444.25,7.78,2018,9
Aguascalientes,23.0,0.0,0.0,0.0,0.0,2018,10
Baja California,46.75,0.0,0.0,0.0,0.0,2018,10
Baja California Sur,168.0,57.0,0.0,228.0,4.0,2018,10
Campeche,80.5,71.5,0.0,772.86,10.81,2018,10
Colima,773.5,721.5,0.0,5640.16,7.82,2018,10
Chiapas,3281.0,1729.6,0.0,10827.02,6.26,2018,10
Durango,1084.23,1042.23,0.0,4014.25,3.85,2018,10
Guanajuato,292.0,220.0,0.0,984.8,4.48,2018,10
Guerrero,4272.98,3349.28,0.0,25846.95,7.72,2018,10
Hidalgo,861.7,439.21,7.0,3257.28,7.42,2018,10
Jalisco,22533.83,18463.83,0.0,125087.25,6.77,2018,10
México,9977.67,7423.11,0.0,91419.35,12.32,2018,10
Michoacán,166511.84,151884.51,0.0,1373154.56,9.04,2018,10
Morelos,5442.7,5305.7,0.0,41504.18,7.82,2018,10
Nayarit,7058.56,6087.91,0.0,37294.61,6.13,2018,10
Nuevo León,681.1,679.3,0.0,1723.43,2.54,2018,10
Oaxaca,3221.58,1957.85,0.0,6904.18,3.53,2018,10
Puebla,2974.45,2174.05,0.0,14258.51,6.56,2018,10
Querétaro,157.5,104.0,0.0,146.26,1.41,2018,10
San Luis Potosí,67.0,27.0,0.0,130.88,4.85,2018,10
Sinaloa,13.5,13.5,0.0,141.5,10.48,2018,10
Sonora,30.0,0.0,0.0,0.0,0.0,2018,10
Tabasco,59.0,59.0,0.0,302.53,5.13,2018,10
Tlaxcala,25.0,25.0,0.0,174.5,6.98,2018,10
Veracruz,962.0,706.0,0.0,7405.7,10.49,2018,10
Yucatán,385.65,342.25,0.0,8489.84,24.81,2018,10
Zacatecas,43.0,16.0,0.0,128.91,8.06,2018,10
Total,231028.04,202899.33,7.0,1759837.51,8.67,2018,10
Aguascalientes,23.0,14.0,0.0,146.0,10.43,2018,11
Baja California,46.75,36.0,0.0,190.8,5.3,2018,11
Baja California Sur,168.0,101.15,0.0,551.0,5.45,2018,11
Campeche,80.5,71.5,0.0,772.86,10.81,2018,11
Colima,773.5,721.5,0.0,6726.53,9.32,2018,11
Chiapas,3281.0,1855.6,0.0,13957.6,7.52,2018,11
Durango,1084.23,1042.23,0.0,4014.25,3.85,2018,11
Guanajuato,292.0,242.0,0.0,1069.37,4.42,2018,11
Guerrero,4272.98,3384.58,0.0,26267.9,7.76,2018,11
Hidalgo,861.7,522.2,7.0,3650.46,6.99,2018,11
Jalisco,22533.83,18667.33,0.0,173336.44,9.29,2018,11
México,9977.67,7759.11,0.0,95138.18,12.26,2018,11
Michoacán,166511.84,151887.51,0.5,1497202.27,9.86,2018,11
Morelos,5442.7,5319.7,0.0,45316.4,8.52,2018,11
Nayarit,7058.56,6089.91,0.0,49245.65,8.09,2018,11
Nuevo León,681.1,679.3,0.0,1724.18,2.54,2018,11
Oaxaca,3221.58,1966.45,0.0,8039.16,4.09,2018,11
Puebla,2974.45,2190.05,0.0,14349.31,6.55,2018,11
Querétaro,157.5,104.0,0.0,215.06,2.07,2018,11
San Luis Potosí,67.0,27.0,0.0,130.88,4.85,2018,11
Sinaloa,13.5,13.5,0.0,141.5,10.48,2018,11
Sonora,30.0,30.0,0.0,360.12,12.0,2018,11
Tabasco,59.0,59.0,0.0,302.53,5.13,2018,11
Tlaxcala,25.0,25.0,0.0,174.5,6.98,2018,11
Veracruz,962.0,706.0,0.0,7405.7,10.49,2018,11
Yucatán,385.65,366.65,0.0,9174.34,25.02,2018,11
Zacatecas,43.0,43.0,0.0,312.32,7.26,2018,11
Total,231028.04,203924.27,7.5,1959915.31,9.61,2018,11
Aguascalientes,23.0,19.0,0.0,205.0,10.79,2018,12
Baja California,46.75,36.0,0.0,190.8,5.3,2018,12
Baja California Sur,168.0,119.0,0.0,692.0,5.82,2018,12
Campeche,80.5,71.5,0.0,772.86,10.81,2018,12
Colima,773.5,721.5,0.0,7523.93,10.43,2018,12
Chiapas,3281.0,2345.0,0.0,16867.86,7.19,2018,12
Durango,1084.23,1042.23,0.0,4014.25,3.85,2018,12
Guanajuato,292.0,248.0,0.0,1178.87,4.75,2018,12
Guerrero,4272.98,3437.08,0.0,26393.7,7.68,2018,12
Hidalgo,861.7,522.2,7.0,3650.46,6.99,2018,12
Jalisco,22533.83,18674.73,0.0,202180.22,10.83,2018,12
México,9977.67,8572.11,0.0,105208.1,12.27,2018,12
Michoacán,166511.84,152401.51,0.5,1668355.6,10.95,2018,12
Morelos,5442.7,5319.7,0.0,46021.9,8.65,2018,12
Nayarit,7058.56,6318.41,0.0,57563.05,9.11,2018,12
Nuevo León,681.1,679.3,0.0,1724.18,2.54,2018,12
Oaxaca,3221.58,1972.46,0.0,9657.03,4.9,2018,12
Puebla,2974.45,2190.05,0.0,15530.1,7.09,2018,12
Querétaro,157.5,104.0,0.0,301.9,2.9,2018,12
San Luis Potosí,67.0,32.0,0.0,186.88,5.84,2018,12
Sinaloa,13.5,13.5,0.0,141.5,10.48,2018,12
Sonora,30.0,30.0,0.0,360.12,12.0,2018,12
Tabasco,59.0,59.0,0.0,302.53,5.13,2018,12
Tlaxcala,25.0,25.0,0.0,174.5,6.98,2018,12
Veracruz,962.0,707.0,0.0,7530.7,10.65,2018,12
Yucatán,385.65,374.65,0.0,9335.72,24.92,2018,12
Zacatecas,43.0,43.0,0.0,312.32,7.26,2018,12
Total,231028.04,206077.93,7.5,2186376.08,10.61,2018,12
Aguascalientes,28.5,0.0,0.0,0.0,0.0,2019,1
Baja California,64.75,0.0,0.0,0.0,0.0,2019,1
Baja California Sur,109.0,0.0,0.0,0.0,0.0,2019,1
Campeche,86.0,0.0,0.0,0.0,0.0,2019,1
Colima,811.5,0.0,0.0,0.0,0.0,2019,1
Chiapas,3240.16,0.0,0.0,0.0,0.0,2019,1
Durango,1087.73,0.0,0.0,0.0,0.0,2019,1
Guanajuato,237.0,56.0,0.0,100.0,1.79,2019,1
Guerrero,4601.14,94.0,0.0,377.52,4.02,2019,1
Hidalgo,910.7,0.0,0.0,0.0,0.0,2019,1
Jalisco,23682.32,3482.5,0.0,8156.51,2.34,2019,1
México,10266.17,0.0,0.0,0.0,0.0,2019,1
Michoacán,167745.45,143959.62,0.0,195042.0,1.35,2019,1
Morelos,5833.0,0.0,0.0,0.0,0.0,2019,1
Nayarit,7611.06,0.0,0.0,0.0,0.0,2019,1
Nuevo León,689.5,0.0,0.0,0.0,0.0,2019,1
Oaxaca,3402.42,1225.1,0.0,752.22,0.61,2019,1
Puebla,3130.14,0.0,0.0,0.0,0.0,2019,1
Querétaro,158.5,0.0,0.0,0.0,0.0,2019,1
San Luis Potosí,104.0,0.0,0.0,0.0,0.0,2019,1
Sinaloa,13.5,0.0,0.0,0.0,0.0,2019,1
Sonora,37.8,0.0,0.0,0.0,0.0,2019,1
Tabasco,59.0,0.0,0.0,0.0,0.0,2019,1
Tamaulipas,3.0,0.0,0.0,0.0,0.0,2019,1
Tlaxcala,25.0,0.0,0.0,0.0,0.0,2019,1
Veracruz,847.0,24.0,0.0,305.45,12.73,2019,1
Yucatán,493.8,344.0,0.0,705.5,2.05,2019,1
Zacatecas,38.5,0.0,0.0,0.0,0.0,2019,1
Total,235316.64,149185.22,0.0,205439.2,1.38,2019,1
Aguascalientes,28.5,0.0,0.0,0.0,0.0,2019,2
Baja California,64.75,0.0,0.0,0.0,0.0,2019,2
Baja California Sur,109.0,0.0,0.0,0.0,0.0,2019,2
Campeche,86.0,0.0,0.0,0.0,0.0,2019,2
Colima,811.5,0.0,0.0,0.0,0.0,2019,2
Chiapas,3240.16,63.8,0.0,122.38,1.92,2019,2
Durango,1087.73,0.0,0.0,0.0,0.0,2019,2
Guanajuato,237.0,62.0,0.0,157.21,2.54,2019,2
Guerrero,4601.14,220.8,0.0,1212.74,5.49,2019,2
Hidalgo,910.7,0.0,0.0,0.0,0.0,2019,2
Jalisco,23682.32,4103.4,0.0,16162.6,3.94,2019,2
México,10266.17,544.6,0.0,4981.52,9.15,2019,2
Michoacán,167745.45,156257.32,0.0,370069.13,2.37,2019,2
Morelos,5833.0,59.5,0.0,381.2,6.41,2019,2
Nayarit,7611.06,0.0,0.0,0.0,0.0,2019,2
Nuevo León,689.5,0.0,0.0,0.0,0.0,2019,2
Oaxaca,3402.42,1293.8,0.0,1431.7,1.11,2019,2
Puebla,3130.14,992.5,0.0,4222.07,4.25,2019,2
Querétaro,158.5,0.0,0.0,0.0,0.0,2019,2
San Luis Potosí,104.0,0.0,0.0,0.0,0.0,2019,2
Sinaloa,13.5,0.0,0.0,0.0,0.0,2019,2
Sonora,37.8,0.0,0.0,0.0,0.0,2019,2
Tabasco,59.0,0.0,0.0,0.0,0.0,2019,2
Tamaulipas,3.0,0.0,0.0,0.0,0.0,2019,2
Tlaxcala,25.0,0.0,0.0,0.0,0.0,2019,2
Veracruz,847.0,41.0,0.0,524.5,12.79,2019,2
Yucatán,493.8,344.0,0.0,916.05,2.66,2019,2
Zacatecas,38.5,0.0,0.0,0.0,0.0,2019,2
Total,235316.64,163982.72,0.0,400181.1,2.44,2019,2
Aguascalientes,28.5,0.0,0.0,0.0,0.0,2019,3
Baja California,64.75,0.0,0.0,0.0,0.0,2019,3
Baja California Sur,109.0,0.0,0.0,0.0,0.0,2019,3
Campeche,86.0,0.0,0.0,0.0,0.0,2019,3
Colima,811.5,0.0,0.0,0.0,0.0,2019,3
Chiapas,3240.16,63.8,0.0,178.2,2.79,2019,3
Durango,1087.73,0.0,0.0,0.0,0.0,2019,3
Guanajuato,237.0,65.5,0.0,181.4,2.77,2019,3
Guerrero,4601.14,412.8,0.0,2530.33,6.13,2019,3
Hidalgo,910.7,0.0,0.0,0.0,0.0,2019,3
Jalisco,23682.32,4487.9,0.0,21061.28,4.69,2019,3
México,10266.17,566.3,0.0,6026.88,10.64,2019,3
Michoacán,167745.45,157973.92,0.0,541525.35,3.43,2019,3
Morelos,5833.0,124.0,0.0,695.0,5.6,2019,3
Nayarit,7611.06,0.0,0.0,0.0,0.0,2019,3
Nuevo León,689.5,0.0,0.0,0.0,0.0,2019,3
Oaxaca,3402.42,1338.25,0.0,1899.41,1.42,2019,3
Puebla,3130.14,1099.85,0.0,6465.91,5.88,2019,3
Querétaro,158.5,0.0,0.0,0.0,0.0,2019,3
San Luis Potosí,104.0,0.0,0.0,0.0,0.0,2019,3
Sinaloa,13.5,0.0,0.0,0.0,0.0,2019,3
Sonora,37.8,0.0,0.0,0.0,0.0,2019,3
Tabasco,59.0,0.0,0.0,0.0,0.0,2019,3
Tamaulipas,3.0,0.0,0.0,0.0,0.0,2019,3
Tlaxcala,25.0,0.0,0.0,0.0,0.0,2019,3
Veracruz,847.0,58.0,0.0,748.5,12.91,2019,3
Yucatán,493.8,344.0,0.0,2114.1,6.15,2019,3
Zacatecas,38.5,0.0,0.0,0.0,0.0,2019,3
Total,235316.64,166534.32,0.0,583426.36,3.5,2019,3
Aguascalientes,28.5,0.0,0.0,0.0,0.0,2019,4
Baja California,64.75,0.0,0.0,0.0,0.0,2019,4
Baja California Sur,109.0,0.0,0.0,0.0,0.0,2019,4
Campeche,86.0,0.0,0.0,0.0,0.0,2019,4
Colima,811.5,744.5,0.0,1421.93,1.91,2019,4
Chiapas,3240.16,112.3,0.0,296.5,2.64,2019,4
Durango,1087.73,0.0,0.0,0.0,0.0,2019,4
Guanajuato,237.0,75.0,0.0,210.52,2.81,2019,4
Guerrero,4601.14,1008.56,0.0,4739.31,4.7,2019,4
Hidalgo,910.7,0.0,0.0,0.0,0.0,2019,4
Jalisco,23682.32,12947.4,0.0,49301.48,3.81,2019,4
México,10266.17,1657.89,0.0,17149.48,10.34,2019,4
Michoacán,167745.45,158152.42,0.0,651168.64,4.12,2019,4
Morelos,5833.0,664.0,0.0,2714.5,4.09,2019,4
Nayarit,7611.06,0.0,0.0,0.0,0.0,2019,4
Nuevo León,689.5,0.0,0.0,0.0,0.0,2019,4
Oaxaca,3402.42,1413.8,0.0,2523.65,1.79,2019,4
Puebla,3130.14,1128.4,0.0,7465.52,6.62,2019,4
Querétaro,158.5,0.0,0.0,0.0,0.0,2019,4
San Luis Potosí,104.0,0.0,0.0,0.0,0.0,2019,4
Sinaloa,13.5,0.0,0.0,0.0,0.0,2019,4
Sonora,37.8,0.0,0.0,0.0,0.0,2019,4
Tabasco,59.0,0.0,0.0,0.0,0.0,2019,4
Tamaulipas,3.0,0.0,0.0,0.0,0.0,2019,4
Tlaxcala,25.0,0.0,0.0,0.0,0.0,2019,4
Veracruz,847.0,63.0,0.0,812.5,12.9,2019,4
Yucatán,493.8,344.0,0.0,3168.45,9.21,2019,4
Zacatecas,38.5,0.0,0.0,0.0,0.0,2019,4
Total,235316.64,178311.27,0.0,740972.48,4.16,2019,4
Aguascalientes,28.5,0.0,0.0,0.0,0.0,2019,5
Baja California,64.75,0.0,0.0,0.0,0.0,2019,5
Baja California Sur,109.0,0.0,0.0,0.0,0.0,2019,5
Campeche,86.0,0.0,0.0,0.0,0.0,2019,5
Colima,811.5,744.5,0.0,1423.98,1.91,2019,5
Chiapas,3240.16,112.3,0.0,457.45,4.07,2019,5
Durango,1087.73,0.0,0.0,0.0,0.0,2019,5
Guanajuato,237.0,80.0,0.0,260.11,3.25,2019,5
Guerrero,4601.14,1505.97,0.0,8498.1,5.64,2019,5
Hidalgo,910.7,0.0,0.0,0.0,0.0,2019,5
Jalisco,23682.32,12954.78,0.0,50463.23,3.9,2019,5
México,10266.17,3191.81,0.0,37310.96,11.69,2019,5
Michoacán,167745.45,158660.22,0.0,762114.82,4.8,2019,5
Morelos,5833.0,977.0,0.0,4442.5,4.55,2019,5
Nayarit,7611.06,0.0,0.0,0.0,0.0,2019,5
Nuevo León,689.5,0.0,0.0,0.0,0.0,2019,5
Oaxaca,3402.42,1462.23,0.0,2931.64,2.0,2019,5
Puebla,3130.14,1471.5,0.0,9739.98,6.62,2019,5
Querétaro,158.5,0.0,0.0,0.0,0.0,2019,5
San Luis Potosí,104.0,0.0,0.0,0.0,0.0,2019,5
Sinaloa,13.5,0.0,0.0,0.0,0.0,2019,5
Sonora,37.8,0.0,0.0,0.0,0.0,2019,5
Tabasco,59.0,0.0,0.0,0.0,0.0,2019,5
Tamaulipas,3.0,0.0,0.0,0.0,0.0,2019,5
Tlaxcala,25.0,0.0,0.0,0.0,0.0,2019,5
Veracruz,847.0,133.0,0.0,1363.0,10.25,2019,5
Yucatán,493.8,344.0,0.0,3964.35,11.52,2019,5
Zacatecas,38.5,0.0,0.0,0.0,0.0,2019,5
Total,235316.64,181637.31,0.0,882970.12,4.86,2019,5
Aguascalientes,28.5,0.0,0.0,0.0,0.0,2019,6
Baja California,64.75,0.0,0.0,0.0,0.0,2019,6
Baja California Sur,109.0,9.0,0.0,45.0,5.0,2019,6
Campeche,86.0,0.0,0.0,0.0,0.0,2019,6
Colima,811.5,744.5,0.0,1451.3,1.95,2019,6
Chiapas,3240.16,573.3,0.0,871.9,1.52,2019,6
Durango,1087.73,0.0,0.0,0.0,0.0,2019,6
Guanajuato,237.0,80.0,0.0,301.67,3.77,2019,6
Guerrero,4601.14,1979.81,0.0,12171.39,6.15,2019,6
Hidalgo,910.7,0.0,0.0,0.0,0.0,2019,6
Jalisco,23682.32,12954.78,0.0,59124.41,4.56,2019,6
México,10266.17,4811.87,0.0,60109.54,12.49,2019,6
Michoacán,167745.45,158770.22,0.0,868338.07,5.47,2019,6
Morelos,5833.0,1428.0,0.0,7840.3,5.49,2019,6
Nayarit,7611.06,0.0,0.0,0.0,0.0,2019,6
Nuevo León,689.5,0.0,0.0,0.0,0.0,2019,6
Oaxaca,3402.42,1964.18,0.0,3939.28,2.01,2019,6
Puebla,3130.14,1708.5,0.0,11850.05,6.94,2019,6
Querétaro,158.5,0.0,0.0,0.0,0.0,2019,6
San Luis Potosí,104.0,0.0,0.0,0.0,0.0,2019,6
Sinaloa,13.5,0.0,0.0,0.0,0.0,2019,6
Sonora,37.8,0.0,0.0,0.0,0.0,2019,6
Tabasco,59.0,0.0,0.0,0.0,0.0,2019,6
Tamaulipas,3.0,0.0,0.0,0.0,0.0,2019,6
Tlaxcala,25.0,0.0,0.0,0.0,0.0,2019,6
Veracruz,847.0,216.0,0.0,2296.0,10.63,2019,6
Yucatán,493.8,380.5,0.0,5419.06,14.24,2019,6
Zacatecas,38.5,0.0,0.0,0.0,0.0,2019,6
Total,235316.64,185620.66,0.0,1033757.97,5.57,2019,6
Aguascalientes,28.5,0.0,0.0,0.0,0.0,2019,7
Baja California,64.75,0.0,0.0,0.0,0.0,2019,7
Baja California Sur,109.0,9.0,0.0,45.0,5.0,2019,7
Campeche,86.0,61.0,0.0,229.28,3.76,2019,7
Colima,811.5,744.5,0.0,1481.18,1.99,2019,7
Chiapas,3240.16,1659.8,0.0,2783.96,1.68,2019,7
Durango,1087.73,395.0,0.0,1396.09,3.53,2019,7
Guanajuato,237.0,101.0,0.0,454.58,4.5,2019,7
Guerrero,4601.14,2283.8,0.0,15192.47,6.65,2019,7
Hidalgo,910.7,52.0,0.0,299.86,5.77,2019,7
Jalisco,23682.32,12954.78,0.0,68783.66,5.31,2019,7
México,10266.17,5222.55,0.0,64872.62,12.42,2019,7
Michoacán,167745.45,159118.92,0.0,1000927.01,6.29,2019,7
Morelos,5833.0,2167.0,0.0,18360.45,8.47,2019,7
Nayarit,7611.06,0.0,0.0,0.0,0.0,2019,7
Nuevo León,689.5,474.3,0.0,786.08,1.66,2019,7
Oaxaca,3402.42,2261.04,0.0,4895.22,2.17,2019,7
Puebla,3130.14,2203.4,0.0,15195.25,6.9,2019,7
Querétaro,158.5,0.0,0.0,0.0,0.0,2019,7
San Luis Potosí,104.0,8.0,0.0,22.17,2.77,2019,7
Sinaloa,13.5,3.0,0.0,30.6,10.2,2019,7
Sonora,37.8,0.0,0.0,0.0,0.0,2019,7
Tabasco,59.0,37.0,0.0,16.71,0.45,2019,7
Tamaulipas,3.0,0.0,0.0,0.0,0.0,2019,7
Tlaxcala,25.0,0.0,0.0,0.0,0.0,2019,7
Veracruz,847.0,377.5,0.0,3700.5,9.8,2019,7
Yucatán,493.8,385.5,0.0,7720.9,20.03,2019,7
Zacatecas,38.5,0.0,0.0,0.0,0.0,2019,7
Total,235316.64,190519.09,0.0,1207193.59,6.34,2019,7
Aguascalientes,28.5,0.0,0.0,0.0,0.0,2019,8
Baja California,64.75,0.0,0.0,0.0,0.0,2019,8
Baja California Sur,109.0,9.0,0.0,45.0,5.0,2019,8
Campeche,86.0,74.0,0.0,678.25,9.17,2019,8
Colima,811.5,744.5,0.0,4703.5,6.32,2019,8
Chiapas,3240.16,1682.3,0.0,5679.97,3.38,2019,8
Durango,1087.73,566.0,0.0,2096.63,3.7,2019,8
Guanajuato,237.0,112.0,0.0,585.19,5.22,2019,8
Guerrero,4601.14,2670.91,0.0,16528.18,6.19,2019,8
Hidalgo,910.7,245.2,0.0,1349.96,5.51,2019,8
Jalisco,23682.32,12954.78,0.0,73894.66,5.7,2019,8
México,10266.17,6675.55,0.0,85749.94,12.85,2019,8
Michoacán,167745.45,159132.82,0.0,1136242.86,7.14,2019,8
Morelos,5833.0,5564.5,0.0,43314.44,7.78,2019,8
Nayarit,7611.06,4979.3,0.0,4301.93,0.86,2019,8
Nuevo León,689.5,487.8,0.0,1943.12,3.98,2019,8
Oaxaca,3402.42,2364.88,0.0,6022.8,2.55,2019,8
Puebla,3130.14,2254.22,0.0,16226.7,7.2,2019,8
Querétaro,158.5,79.5,0.0,58.86,0.74,2019,8
San Luis Potosí,104.0,24.0,0.0,83.83,3.49,2019,8
Sinaloa,13.5,9.5,0.0,89.2,9.39,2019,8
Sonora,37.8,0.0,0.0,0.0,0.0,2019,8
Tabasco,59.0,59.0,0.0,167.05,2.83,2019,8
Tamaulipas,3.0,0.0,0.0,0.0,0.0,2019,8
Tlaxcala,25.0,25.0,0.0,182.5,7.3,2019,8
Veracruz,847.0,571.0,0.0,6741.21,11.81,2019,8
Yucatán,493.8,405.42,0.0,8855.0,21.84,2019,8
Zacatecas,38.5,0.0,0.0,0.0,0.0,2019,8
Total,235316.64,201691.18,0.0,1415540.78,7.02,2019,8
Aguascalientes,28.5,0.0,0.0,0.0,0.0,2019,9
Baja California,64.75,0.0,0.0,0.0,0.0,2019,9
Baja California Sur,109.0,25.0,0.0,118.0,4.72,2019,9
Campeche,86.0,74.0,0.0,805.43,10.88,2019,9
Colima,811.5,744.5,0.0,4819.02,6.47,2019,9
Chiapas,3240.16,1682.3,0.0,8826.8,5.25,2019,9
Durango,1087.73,860.23,0.0,3206.95,3.73,2019,9
Guanajuato,237.0,167.0,0.0,725.79,4.35,2019,9
Guerrero,4601.14,2856.32,0.0,18816.41,6.59,2019,9
Hidalgo,910.7,412.2,0.0,2954.96,7.17,2019,9
Jalisco,23682.32,15915.78,0.0,94021.17,5.91,2019,9
México,10266.17,7214.7,0.0,94862.68,13.15,2019,9
Michoacán,167745.45,159268.12,0.0,1280735.01,8.04,2019,9
Morelos,5833.0,5730.0,0.0,47656.69,8.32,2019,9
Nayarit,7611.06,6764.22,0.0,36035.61,5.33,2019,9
Nuevo León,689.5,688.7,0.0,2667.71,3.87,2019,9
Oaxaca,3402.42,2373.03,0.0,6493.86,2.74,2019,9
Puebla,3130.14,2291.9,0.0,16698.18,7.29,2019,9
Querétaro,158.5,106.5,0.0,128.19,1.2,2019,9
San Luis Potosí,104.0,24.0,0.0,107.91,4.5,2019,9
Sinaloa,13.5,9.5,0.0,97.4,10.25,2019,9
Sonora,37.8,0.0,0.0,0.0,0.0,2019,9
Tabasco,59.0,59.0,0.0,263.72,4.47,2019,9
Tamaulipas,3.0,0.0,0.0,0.0,0.0,2019,9
Tlaxcala,25.0,25.0,0.0,182.5,7.3,2019,9
Veracruz,847.0,632.0,0.0,7443.21,11.78,2019,9
Yucatán,493.8,422.52,0.0,10067.29,23.83,2019,9
Zacatecas,38.5,0.0,0.0,0.0,0.0,2019,9
Total,235316.64,208346.52,0.0,1637734.48,7.86,2019,9
Aguascalientes,28.5,0.0,0.0,0.0,0.0,2019,10
Baja California,64.75,0.0,0.0,0.0,0.0,2019,10
Baja California Sur,109.0,25.0,0.0,118.0,4.72,2019,10
Campeche,86.0,74.0,0.0,836.71,11.31,2019,10
Colima,811.5,744.5,0.0,5656.79,7.6,2019,10
Chiapas,3240.16,1682.3,0.0,10554.81,6.27,2019,10
Durango,1087.73,1045.23,0.0,3907.83,3.74,2019,10
Guanajuato,237.0,168.0,0.0,919.94,5.48,2019,10
Guerrero,4601.14,2857.24,0.0,18897.29,6.61,2019,10
Hidalgo,910.7,479.7,0.0,3396.06,7.08,2019,10
Jalisco,23682.32,16344.11,0.0,133367.22,8.16,2019,10
México,10266.17,7568.3,0.0,99881.57,13.2,2019,10
Michoacán,167745.45,159641.22,0.0,1415999.8,8.87,2019,10
Morelos,5833.0,5730.0,0.0,52572.39,9.17,2019,10
Nayarit,7611.06,6775.91,0.0,43605.51,6.44,2019,10
Nuevo León,689.5,688.7,0.0,2667.71,3.87,2019,10
Oaxaca,3402.42,2442.48,0.0,8479.59,3.47,2019,10
Puebla,3130.14,2297.9,0.0,16939.34,7.37,2019,10
Querétaro,158.5,106.5,0.0,183.37,1.72,2019,10
San Luis Potosí,104.0,24.0,0.0,107.91,4.5,2019,10
Sinaloa,13.5,13.5,0.0,147.7,10.94,2019,10
Sonora,37.8,0.0,0.0,0.0,0.0,2019,10
Tabasco,59.0,59.0,0.0,308.6,5.23,2019,10
Tamaulipas,3.0,0.0,0.0,0.0,0.0,2019,10
Tlaxcala,25.0,25.0,0.0,182.5,7.3,2019,10
Veracruz,847.0,632.0,0.0,7537.7,11.93,2019,10
Yucatán,493.8,424.52,0.0,10273.29,24.2,2019,10
Zacatecas,38.5,23.0,0.0,158.73,6.9,2019,10
Total,235316.64,209872.11,0.0,1836700.36,8.75,2019,10
Aguascalientes,28.5,0.0,0.0,0.0,0.0,2019,11
Baja California,64.75,0.0,0.0,0.0,0.0,2019,11
Baja California Sur,109.0,45.0,0.0,263.0,5.84,2019,11
Campeche,86.0,74.0,0.0,836.71,11.31,2019,11
Colima,811.5,744.5,0.0,6953.49,9.34,2019,11
Chiapas,3240.16,1805.3,0.0,13615.26,7.54,2019,11
Durango,1087.73,1045.23,0.0,3907.83,3.74,2019,11
Guanajuato,237.0,168.0,0.0,1071.49,6.38,2019,11
Guerrero,4601.14,2894.54,0.0,19328.84,6.68,2019,11
Hidalgo,910.7,494.7,0.0,3442.36,6.96,2019,11
Jalisco,23682.32,19549.5,0.0,190371.0,9.74,2019,11
México,10266.17,8479.25,0.0,112992.22,13.33,2019,11
Michoacán,167745.45,159656.12,0.0,1555432.03,9.74,2019,11
Morelos,5833.0,5730.0,0.0,53339.46,9.31,2019,11
Nayarit,7611.06,6775.91,0.0,56306.36,8.31,2019,11
Nuevo León,689.5,688.7,0.0,2667.71,3.87,2019,11
Oaxaca,3402.42,2463.68,0.0,9704.45,3.94,2019,11
Puebla,3130.14,2304.9,0.0,17017.73,7.38,2019,11
Querétaro,158.5,106.5,0.0,238.55,2.24,2019,11
San Luis Potosí,104.0,30.0,0.0,176.91,5.9,2019,11
Sinaloa,13.5,13.5,0.0,147.7,10.94,2019,11
Sonora,37.8,30.0,0.0,412.66,13.76,2019,11
Tabasco,59.0,59.0,0.0,308.6,5.23,2019,11
Tamaulipas,3.0,0.0,0.0,0.0,0.0,2019,11
Tlaxcala,25.0,25.0,0.0,182.5,7.3,2019,11
Veracruz,847.0,632.0,0.0,7537.7,11.93,2019,11
Yucatán,493.8,431.7,0.0,10773.07,24.95,2019,11
Zacatecas,38.5,23.0,0.0,158.73,6.9,2019,11
Total,235316.64,214270.03,0.0,2067186.36,9.65,2019,11
Aguascalientes,28.5,25.0,0.0,292.0,11.68,2019,12
Baja California,64.75,64.75,0.0,327.4,5.06,2019,12
Baja California Sur,109.0,66.0,0.0,473.72,7.18,2019,12
Campeche,86.0,74.0,0.0,836.71,11.31,2019,12
Colima,811.5,744.5,0.0,7769.43,10.44,2019,12
Chiapas,3240.16,2316.7,0.0,16596.03,7.16,2019,12
Durango,1087.73,1045.23,0.0,3907.83,3.74,2019,12
Guanajuato,237.0,168.0,0.0,1154.77,6.87,2019,12
Guerrero,4601.14,3990.94,0.0,26563.49,6.66,2019,12
Hidalgo,910.7,541.7,0.0,3655.16,6.75,2019,12
Jalisco,23682.32,19556.9,0.0,231612.68,11.84,2019,12
México,10266.17,8896.11,0.0,117325.95,13.19,2019,12
Michoacán,167745.45,160206.42,0.0,1725213.36,10.77,2019,12
Morelos,5833.0,5730.0,0.0,53339.46,9.31,2019,12
Nayarit,7611.06,6781.91,0.0,67077.03,9.89,2019,12
Nuevo León,689.5,688.7,0.0,2667.71,3.87,2019,12
Oaxaca,3402.42,2463.68,0.0,11920.53,4.84,2019,12
Puebla,3130.14,2304.9,0.0,17017.73,7.38,2019,12
Querétaro,158.5,106.5,0.0,331.17,3.11,2019,12
San Luis Potosí,104.0,30.5,5.5,177.01,5.8,2019,12
Sinaloa,13.5,13.5,0.0,147.7,10.94,2019,12
Sonora,37.8,30.0,0.0,412.66,13.76,2019,12
Tabasco,59.0,59.0,0.0,308.6,5.23,2019,12
Tamaulipas,3.0,0.0,0.0,0.0,0.0,2019,12
Tlaxcala,25.0,25.0,0.0,182.5,7.3,2019,12
Veracruz,847.0,637.0,0.0,7627.7,11.97,2019,12
Yucatán,493.8,434.8,0.0,10773.07,24.78,2019,12
Zacatecas,38.5,36.0,0.0,259.3,7.2,2019,12
Total,235316.64,217037.74,5.5,2307970.7,10.63,2019,12
Aguascalientes,55.85,0.0,0.0,0.0,0.0,2020,1
Baja California,64.5,0.0,0.0,0.0,0.0,2020,1
Baja California Sur,110.0,0.0,0.0,0.0,0.0,2020,1
Campeche,90.5,0.0,0.0,0.0,0.0,2020,1
Colima,743.5,0.0,0.0,0.0,0.0,2020,1
Chiapas,3350.71,63.8,0.0,57.2,0.9,2020,1
Durango,1095.73,0.0,0.0,0.0,0.0,2020,1
Guanajuato,293.2,30.0,0.0,16.0,0.53,2020,1
Guerrero,3466.27,106.0,0.0,419.63,3.96,2020,1
Hidalgo,894.7,0.0,0.0,0.0,0.0,2020,1
Jalisco,26670.79,4366.5,0.0,9759.06,2.23,2020,1
México,11295.67,0.0,0.0,0.0,0.0,2020,1
Michoacán,169939.45,158467.46,0.0,195365.93,1.23,2020,1
Morelos,5731.0,0.0,0.0,0.0,0.0,2020,1
Nayarit,7724.3,0.0,0.0,0.0,0.0,2020,1
Nuevo León,691.95,0.0,0.0,0.0,0.0,2020,1
Oaxaca,3424.15,1311.6,0.0,847.78,0.65,2020,1
Puebla,3132.76,0.0,0.0,0.0,0.0,2020,1
Querétaro,176.0,0.0,0.0,0.0,0.0,2020,1
San Luis Potosí,66.0,0.0,0.0,0.0,0.0,2020,1
Sinaloa,148.5,0.0,0.0,0.0,0.0,2020,1
Sonora,418.8,0.0,0.0,0.0,0.0,2020,1
Tabasco,59.0,0.0,0.0,0.0,0.0,2020,1
Tamaulipas,4.0,0.0,0.0,0.0,0.0,2020,1
Tlaxcala,27.0,0.0,0.0,0.0,0.0,2020,1
Veracruz,897.0,0.0,0.0,0.0,0.0,2020,1
Yucatán,523.28,1.0,0.0,0.5,0.5,2020,1
Zacatecas,45.5,0.0,0.0,0.0,0.0,2020,1
Total,241140.11,164346.36,0.0,206466.1,1.26,2020,1
Aguascalientes,55.85,0.0,0.0,0.0,0.0,2020,2
Baja California,64.5,0.0,0.0,0.0,0.0,2020,2
Baja California Sur,110.0,0.0,0.0,0.0,0.0,2020,2
Campeche,90.5,0.0,0.0,0.0,0.0,2020,2
Colima,743.5,0.0,0.0,0.0,0.0,2020,2
Chiapas,3350.71,63.8,0.0,105.0,1.65,2020,2
Durango,1095.73,0.0,0.0,0.0,0.0,2020,2
Guanajuato,293.2,65.0,0.0,135.15,2.08,2020,2
Guerrero,3466.27,206.93,0.0,1241.74,6.0,2020,2
Hidalgo,894.7,0.0,0.0,0.0,0.0,2020,2
Jalisco,26670.79,5066.1,0.0,17668.95,3.49,2020,2
México,11295.67,120.36,0.0,1759.36,14.62,2020,2
Michoacán,169939.45,162690.41,0.0,361644.46,2.22,2020,2
Morelos,5731.0,72.38,0.0,463.7,6.41,2020,2
Nayarit,7724.3,0.0,0.0,0.0,0.0,2020,2
Nuevo León,691.95,0.0,0.0,0.0,0.0,2020,2
Oaxaca,3424.15,1311.6,0.0,1288.82,0.98,2020,2
Puebla,3132.76,295.5,0.0,1152.19,3.9,2020,2
Querétaro,176.0,0.0,0.0,0.0,0.0,2020,2
San Luis Potosí,66.0,0.0,0.0,0.0,0.0,2020,2
Sinaloa,148.5,0.0,0.0,0.0,0.0,2020,2
Sonora,418.8,0.0,0.0,0.0,0.0,2020,2
Tabasco,59.0,0.0,0.0,0.0,0.0,2020,2
Tamaulipas,4.0,0.0,0.0,0.0,0.0,2020,2
Tlaxcala,27.0,0.0,0.0,0.0,0.0,2020,2
Veracruz,897.0,43.0,0.0,486.3,11.31,2020,2
Yucatán,523.28,1.0,0.0,1.2,1.2,2020,2
Zacatecas,45.5,0.0,0.0,0.0,0.0,2020,2
Total,241140.11,169936.08,0.0,385946.87,2.27,2020,2
Aguascalientes,55.85,0.0,0.0,0.0,0.0,2020,3
Baja California,64.5,0.0,0.0,0.0,0.0,2020,3
Baja California Sur,110.0,0.0,0.0,0.0,0.0,2020,3
Campeche,90.5,0.0,0.0,0.0,0.0,2020,3
Colima,743.5,0.0,0.0,0.0,0.0,2020,3
Chiapas,3350.71,63.8,0.0,184.8,2.9,2020,3
Durango,1095.73,0.0,0.0,0.0,0.0,2020,3
Guanajuato,293.2,92.0,0.0,281.8,3.06,2020,3
Guerrero,3466.27,369.58,0.0,2182.42,5.91,2020,3
Hidalgo,894.7,0.0,0.0,0.0,0.0,2020,3
Jalisco,26670.79,5715.3,0.0,29260.25,5.12,2020,3
México,11295.67,120.36,0.0,1759.36,14.62,2020,3
Michoacán,169939.45,163605.58,0.0,548149.62,3.35,2020,3
Morelos,5731.0,72.38,0.0,463.7,6.41,2020,3
Nayarit,7724.3,0.0,0.0,0.0,0.0,2020,3
Nuevo León,691.95,0.0,0.0,0.0,0.0,2020,3
Oaxaca,3424.15,1311.6,0.0,1288.82,0.98,2020,3
Puebla,3132.76,1106.06,0.0,4298.05,3.89,2020,3
Querétaro,176.0,0.0,0.0,0.0,0.0,2020,3
San Luis Potosí,66.0,0.0,0.0,0.0,0.0,2020,3
Sinaloa,148.5,0.0,0.0,0.0,0.0,2020,3
Sonora,418.8,0.0,0.0,0.0,0.0,2020,3
Tabasco,59.0,0.0,0.0,0.0,0.0,2020,3
Tamaulipas,4.0,0.0,0.0,0.0,0.0,2020,3
Tlaxcala,27.0,0.0,0.0,0.0,0.0,2020,3
Veracruz,897.0,78.0,0.0,877.6,11.25,2020,3
Yucatán,523.28,1.0,0.0,1.95,1.95,2020,3
Zacatecas,45.5,0.0,0.0,0.0,0.0,2020,3
Total,241140.11,172535.66,0.0,588748.37,3.41,2020,3
Aguascalientes,55.85,0.0,0.0,0.0,0.0,2020,4
Baja California,64.5,0.0,0.0,0.0,0.0,2020,4
Baja California Sur,110.0,0.0,0.0,0.0,0.0,2020,4
Campeche,90.5,0.0,0.0,0.0,0.0,2020,4
Colima,743.5,697.5,0.0,1799.55,2.58,2020,4
Chiapas,3350.71,102.8,0.0,285.99,2.78,2020,4
Durango,1095.73,0.0,0.0,0.0,0.0,2020,4
Guanajuato,293.2,112.5,0.0,367.89,3.27,2020,4
Guerrero,3466.27,849.13,0.0,4089.82,4.82,2020,4
Hidalgo,894.7,0.0,0.0,0.0,0.0,2020,4
Jalisco,26670.79,18198.8,0.0,54224.7,2.98,2020,4
México,11295.67,607.66,0.0,6267.31,10.31,2020,4
Michoacán,169939.45,163651.66,0.0,664409.62,4.06,2020,4
Morelos,5731.0,319.93,0.0,2663.72,8.33,2020,4
Nayarit,7724.3,0.0,0.0,0.0,0.0,2020,4
Nuevo León,691.95,0.0,0.0,0.0,0.0,2020,4
Oaxaca,3424.15,1422.25,0.0,2582.6,1.82,2020,4
Puebla,3132.76,1134.26,0.0,6305.38,5.56,2020,4
Querétaro,176.0,0.0,0.0,0.0,0.0,2020,4
San Luis Potosí,66.0,0.0,0.0,0.0,0.0,2020,4
Sinaloa,148.5,0.0,0.0,0.0,0.0,2020,4
Sonora,418.8,0.0,0.0,0.0,0.0,2020,4
Tabasco,59.0,0.0,0.0,0.0,0.0,2020,4
Tamaulipas,4.0,0.0,0.0,0.0,0.0,2020,4
Tlaxcala,27.0,0.0,0.0,0.0,0.0,2020,4
Veracruz,897.0,98.0,0.0,1097.85,11.2,2020,4
Yucatán,523.28,33.65,0.0,539.25,16.03,2020,4
Zacatecas,45.5,0.0,0.0,0.0,0.0,2020,4
Total,241140.11,187228.14,0.0,744633.68,3.98,2020,4
Aguascalientes,55.85,0.0,0.0,0.0,0.0,2020,5
Baja California,64.5,0.0,0.0,0.0,0.0,2020,5
Baja California Sur,110.0,0.0,0.0,0.0,0.0,2020,5
Campeche,90.5,0.0,0.0,0.0,0.0,2020,5
Colima,743.5,697.5,0.0,1867.72,2.68,2020,5
Chiapas,3350.71,111.8,0.0,447.95,4.01,2020,5
Durango,1095.73,0.0,0.0,0.0,0.0,2020,5
Guanajuato,293.2,150.0,0.0,468.45,3.12,2020,5
Guerrero,3466.27,1473.34,0.0,8256.29,5.6,2020,5
Hidalgo,894.7,0.0,0.0,0.0,0.0,2020,5
Jalisco,26670.79,20126.82,0.0,92999.28,4.62,2020,5
México,11295.67,3945.59,0.0,38226.8,9.69,2020,5
Michoacán,169939.45,164295.59,0.0,732901.33,4.46,2020,5
Morelos,5731.0,1028.47,0.0,8849.9,8.6,2020,5
Nayarit,7724.3,0.0,0.0,0.0,0.0,2020,5
Nuevo León,691.95,0.0,0.0,0.0,0.0,2020,5
Oaxaca,3424.15,1501.69,0.0,3268.26,2.18,2020,5
Puebla,3132.76,1457.26,0.0,9301.24,6.38,2020,5
Querétaro,176.0,0.0,0.0,0.0,0.0,2020,5
San Luis Potosí,66.0,0.0,0.0,0.0,0.0,2020,5
Sinaloa,148.5,0.0,0.0,0.0,0.0,2020,5
Sonora,418.8,0.0,0.0,0.0,0.0,2020,5
Tabasco,59.0,0.0,0.0,0.0,0.0,2020,5
Tamaulipas,4.0,0.0,0.0,0.0,0.0,2020,5
Tlaxcala,27.0,0.0,0.0,0.0,0.0,2020,5
Veracruz,897.0,145.59,0.0,1384.4,9.51,2020,5
Yucatán,523.28,75.15,0.0,1251.73,16.66,2020,5
Zacatecas,45.5,0.0,0.0,0.0,0.0,2020,5
Total,241140.11,195008.8,0.0,899223.35,4.61,2020,5
Aguascalientes,55.85,0.0,0.0,0.0,0.0,2020,6
Baja California,64.5,0.0,0.0,0.0,0.0,2020,6
Baja California Sur,110.0,0.0,0.0,0.0,0.0,2020,6
Campeche,90.5,0.0,0.0,0.0,0.0,2020,6
Colima,743.5,697.5,0.0,1867.72,2.68,2020,6
Chiapas,3350.71,111.8,0.0,471.81,4.22,2020,6
Durango,1095.73,0.0,0.0,0.0,0.0,2020,6
Guanajuato,293.2,180.5,0.0,734.95,4.07,2020,6
Guerrero,3466.27,1861.47,0.0,10882.66,5.85,2020,6
Hidalgo,894.7,0.0,0.0,0.0,0.0,2020,6
Jalisco,26670.79,20487.26,0.0,112719.55,5.5,2020,6
México,11295.67,5005.35,0.0,57162.42,11.42,2020,6
Michoacán,169939.45,164410.34,0.0,850433.01,5.17,2020,6
Morelos,5731.0,1455.57,0.0,12491.48,8.58,2020,6
Nayarit,7724.3,0.0,0.0,0.0,0.0,2020,6
Nuevo León,691.95,0.0,0.0,0.0,0.0,2020,6
Oaxaca,3424.15,1987.62,0.0,4249.43,2.14,2020,6
Puebla,3132.76,1726.76,0.0,11051.82,6.4,2020,6
Querétaro,176.0,0.0,0.0,0.0,0.0,2020,6
San Luis Potosí,66.0,0.0,0.0,0.0,0.0,2020,6
Sinaloa,148.5,0.0,0.0,0.0,0.0,2020,6
Sonora,418.8,0.0,0.0,0.0,0.0,2020,6
Tabasco,59.0,0.0,0.0,0.0,0.0,2020,6
Tamaulipas,4.0,0.0,0.0,0.0,0.0,2020,6
Tlaxcala,27.0,0.0,0.0,0.0,0.0,2020,6
Veracruz,897.0,215.59,0.0,2241.8,10.4,2020,6
Yucatán,523.28,126.85,107.26,2205.56,17.39,2020,6
Zacatecas,45.5,0.0,0.0,0.0,0.0,2020,6
Total,241140.11,198266.61,107.26,1066512.21,5.38,2020,6
Aguascalientes,55.85,0.0,0.0,0.0,0.0,2020,7
Baja California,64.5,0.0,0.0,0.0,0.0,2020,7
Baja California Sur,110.0,9.0,0.0,45.9,5.1,2020,7
Campeche,90.5,66.0,0.0,230.36,3.49,2020,7
Colima,743.5,697.5,0.0,1867.72,2.68,2020,7
Chiapas,3350.71,1644.95,0.0,2632.0,1.6,2020,7
Durango,1095.73,388.0,0.0,1488.68,3.84,2020,7
Guanajuato,293.2,181.5,0.0,930.4,5.13,2020,7
Guerrero,3466.27,2486.48,0.0,14693.84,5.91,2020,7
Hidalgo,894.7,46.14,0.0,231.37,5.01,2020,7
Jalisco,26670.79,20487.26,0.0,115165.39,5.62,2020,7
México,11295.67,6051.26,0.0,67633.87,11.18,2020,7
Michoacán,169939.45,165574.46,0.0,1009436.05,6.1,2020,7
Morelos,5731.0,5469.81,0.0,27899.21,5.1,2020,7
Nayarit,7724.3,180.0,0.0,2072.0,11.51,2020,7
Nuevo León,691.95,0.0,0.0,0.0,0.0,2020,7
Oaxaca,3424.15,2342.25,0.0,5455.31,2.33,2020,7
Puebla,3132.76,2220.36,0.0,13819.03,6.22,2020,7
Querétaro,176.0,106.5,0.0,108.88,1.02,2020,7
San Luis Potosí,66.0,0.0,0.0,0.0,0.0,2020,7
Sinaloa,148.5,0.0,0.0,0.0,0.0,2020,7
Sonora,418.8,0.0,0.0,0.0,0.0,2020,7
Tabasco,59.0,37.0,0.0,15.62,0.42,2020,7
Tamaulipas,4.0,0.0,0.0,0.0,0.0,2020,7
Tlaxcala,27.0,0.0,0.0,0.0,0.0,2020,7
Veracruz,897.0,331.05,0.0,3488.52,10.54,2020,7
Yucatán,523.28,238.81,107.26,4735.53,19.83,2020,7
Zacatecas,45.5,0.0,0.0,0.0,0.0,2020,7
Total,241140.11,208558.33,107.26,1271949.68,6.1,2020,7
Aguascalientes,55.85,0.0,0.0,0.0,0.0,2020,8
Baja California,64.5,0.0,0.0,0.0,0.0,2020,8
Baja California Sur,110.0,9.0,0.0,45.9,5.1,2020,8
Campeche,90.5,76.0,0.0,668.74,8.8,2020,8
Colima,743.5,697.5,0.0,4197.42,6.02,2020,8
Chiapas,3350.71,1674.21,0.0,5808.24,3.47,2020,8
Durango,1095.73,638.0,0.0,1994.25,3.13,2020,8
Guanajuato,293.2,183.5,0.0,1106.35,6.03,2020,8
Guerrero,3466.27,2665.67,0.0,16419.73,6.16,2020,8
Hidalgo,894.7,388.01,0.0,2539.98,6.55,2020,8
Jalisco,26670.79,20487.26,0.0,119091.27,5.81,2020,8
México,11295.67,7251.42,0.0,82030.88,11.31,2020,8
Michoacán,169939.45,165946.66,0.0,1121901.9,6.76,2020,8
Morelos,5731.0,5493.51,0.0,40390.12,7.35,2020,8
Nayarit,7724.3,3950.3,0.0,6971.66,1.76,2020,8
Nuevo León,691.95,421.0,0.0,2027.6,4.82,2020,8
Oaxaca,3424.15,2470.37,0.0,6723.23,2.72,2020,8
Puebla,3132.76,2253.56,0.0,15721.25,6.98,2020,8
Querétaro,176.0,106.5,0.0,163.07,1.53,2020,8
San Luis Potosí,66.0,18.0,0.0,72.13,4.01,2020,8
Sinaloa,148.5,7.99,0.0,81.15,10.16,2020,8
Sonora,418.8,0.0,0.0,0.0,0.0,2020,8
Tabasco,59.0,59.0,0.0,174.68,2.96,2020,8
Tamaulipas,4.0,0.0,0.0,0.0,0.0,2020,8
Tlaxcala,27.0,25.0,0.0,197.5,7.9,2020,8
Veracruz,897.0,520.48,0.0,5515.15,10.6,2020,8
Yucatán,523.28,312.27,107.26,7428.98,23.79,2020,8
Zacatecas,45.5,0.0,0.0,0.0,0.0,2020,8
Total,241140.11,215655.21,107.26,1441271.18,6.68,2020,8
Aguascalientes,55.85,0.0,0.0,0.0,0.0,2020,9
Baja California,64.5,0.0,0.0,0.0,0.0,2020,9
Baja California Sur,110.0,25.0,0.0,120.3,4.81,2020,9
Campeche,90.5,76.0,0.0,808.18,10.63,2020,9
Colima,743.5,697.5,0.0,4910.32,7.04,2020,9
Chiapas,3350.71,1674.21,0.0,7745.52,4.63,2020,9
Durango,1095.73,1053.94,0.0,3270.54,3.1,2020,9
Guanajuato,293.2,185.5,0.0,1253.72,6.76,2020,9
Guerrero,3466.27,2840.67,0.0,18181.12,6.4,2020,9
Hidalgo,894.7,429.05,0.0,2858.89,6.66,2020,9
Jalisco,26670.79,20760.26,0.0,131796.5,6.35,2020,9
México,11295.67,8406.55,0.0,90181.41,10.73,2020,9
Michoacán,169939.45,165946.66,0.0,1331810.32,8.03,2020,9
Morelos,5731.0,5579.0,0.0,45270.5,8.11,2020,9
Nayarit,7724.3,6817.3,0.0,23119.69,3.39,2020,9
Nuevo León,691.95,434.95,0.0,2073.83,4.77,2020,9
Oaxaca,3424.15,2479.02,0.0,7342.69,2.96,2020,9
Puebla,3132.76,2303.5,0.0,16349.74,7.1,2020,9
Querétaro,176.0,106.5,0.0,210.73,1.98,2020,9
San Luis Potosí,66.0,24.0,0.0,144.13,6.01,2020,9
Sinaloa,148.5,14.99,0.0,155.37,10.36,2020,9
Sonora,418.8,0.0,0.0,0.0,0.0,2020,9
Tabasco,59.0,59.0,0.0,264.16,4.48,2020,9
Tamaulipas,4.0,0.0,0.0,0.0,0.0,2020,9
Tlaxcala,27.0,25.0,0.0,197.5,7.9,2020,9
Veracruz,897.0,632.38,0.0,6740.65,10.66,2020,9
Yucatán,523.28,367.78,107.26,7955.96,21.63,2020,9
Zacatecas,45.5,0.0,0.0,0.0,0.0,2020,9
Total,241140.11,220938.76,107.26,1702761.77,7.71,2020,9
Aguascalientes,55.85,0.0,0.0,0.0,0.0,2020,10
Baja California,64.5,0.0,0.0,0.0,0.0,2020,10
Baja California Sur,110.0,25.0,0.0,120.3,4.81,2020,10
Campeche,90.5,76.0,0.0,872.88,11.49,2020,10
Colima,743.5,697.5,0.0,5808.85,8.33,2020,10
Chiapas,3350.71,1674.21,0.0,10177.63,6.08,2020,10
Durango,1095.73,1053.94,0.0,3270.54,3.1,2020,10
Guanajuato,293.2,185.5,0.0,1341.82,7.23,2020,10
Guerrero,3466.27,2841.17,0.0,18508.35,6.51,2020,10
Hidalgo,894.7,465.34,0.0,3159.2,6.79,2020,10
Jalisco,26670.79,20918.56,0.0,154873.41,7.4,2020,10
México,11295.67,8994.01,0.0,101779.48,11.32,2020,10
Michoacán,169939.45,166062.9,0.0,1478989.0,8.91,2020,10
Morelos,5731.0,5579.0,0.0,48236.7,8.65,2020,10
Nayarit,7724.3,6817.3,0.0,41337.26,6.06,2020,10
Nuevo León,691.95,691.45,0.0,2932.38,4.24,2020,10
Oaxaca,3424.15,2560.42,0.0,9375.57,3.66,2020,10
Puebla,3132.76,2335.3,0.0,16837.89,7.21,2020,10
Querétaro,176.0,106.5,0.0,248.89,2.34,2020,10
San Luis Potosí,66.0,30.0,0.0,174.73,5.82,2020,10
Sinaloa,148.5,21.94,0.0,218.15,9.94,2020,10
Sonora,418.8,0.0,0.0,0.0,0.0,2020,10
Tabasco,59.0,59.0,0.0,306.18,5.19,2020,10
Tamaulipas,4.0,0.0,0.0,0.0,0.0,2020,10
Tlaxcala,27.0,25.0,0.0,197.5,7.9,2020,10
Veracruz,897.0,653.31,0.0,6977.07,10.68,2020,10
Yucatán,523.28,367.78,107.26,8936.72,24.3,2020,10
Zacatecas,45.5,30.0,0.0,207.06,6.9,2020,10
Total,241140.11,222271.13,107.26,1914887.56,8.62,2020,10
Aguascalientes,55.85,0.0,0.0,0.0,0.0,2020,11
Baja California,64.5,0.0,0.0,0.0,0.0,2020,11
Baja California Sur,110.0,50.0,0.0,287.8,5.76,2020,11
Campeche,90.5,76.0,0.0,872.88,11.49,2020,11
Colima,743.5,697.5,0.0,6706.84,9.62,2020,11
Chiapas,3350.71,1797.21,0.0,12578.15,7.0,2020,11
Durango,1095.73,1053.94,0.0,3270.54,3.1,2020,11
Guanajuato,293.2,185.5,0.0,1382.37,7.45,2020,11
Guerrero,3466.27,2897.37,0.0,19156.94,6.61,2020,11
Hidalgo,894.7,465.34,0.0,3159.2,6.79,2020,11
Jalisco,26670.79,20920.06,0.0,220689.71,10.55,2020,11
México,11295.67,9811.36,0.0,116368.4,11.86,2020,11
Michoacán,169939.45,166062.9,0.0,1577570.48,9.5,2020,11
Morelos,5731.0,5579.0,0.0,50402.5,9.03,2020,11
Nayarit,7724.3,6875.8,0.0,62585.68,9.1,2020,11
Nuevo León,691.95,691.45,0.0,2932.38,4.24,2020,11
Oaxaca,3424.15,2560.42,0.0,10433.27,4.07,2020,11
Puebla,3132.76,2347.66,0.0,16940.49,7.22,2020,11
Querétaro,176.0,113.5,0.0,298.9,2.63,2020,11
San Luis Potosí,66.0,30.0,0.0,184.99,6.17,2020,11
Sinaloa,148.5,22.5,0.0,238.45,10.6,2020,11
Sonora,418.8,30.0,0.0,389.4,12.98,2020,11
Tabasco,59.0,59.0,0.0,306.18,5.19,2020,11
Tamaulipas,4.0,0.0,0.0,0.0,0.0,2020,11
Tlaxcala,27.0,25.0,0.0,197.5,7.9,2020,11
Veracruz,897.0,677.13,0.0,7300.71,10.78,2020,11
Yucatán,523.28,367.82,107.26,8946.72,24.32,2020,11
Zacatecas,45.5,41.5,0.0,294.06,7.09,2020,11
Total,241140.11,223437.96,107.26,2123494.54,9.5,2020,11
Aguascalientes,55.85,25.0,0.0,325.75,13.03,2020,12
Baja California,64.5,46.5,0.0,249.45,5.36,2020,12
Baja California Sur,110.0,66.0,0.0,401.3,6.08,2020,12
Campeche,90.5,76.0,0.0,872.88,11.49,2020,12
Colima,743.5,697.5,0.0,7302.47,10.47,2020,12
Chiapas,3350.71,2306.21,0.0,16221.13,7.03,2020,12
Durango,1095.73,1053.94,0.0,3270.54,3.1,2020,12
Guanajuato,293.2,209.5,0.0,1594.17,7.61,2020,12
Guerrero,3466.27,2897.37,0.0,19957.02,6.89,2020,12
Hidalgo,894.7,551.7,0.0,3557.35,6.45,2020,12
Jalisco,26670.79,20920.06,0.0,248127.16,11.86,2020,12
México,11295.67,9930.11,0.0,118264.77,11.91,2020,12
Michoacán,169939.45,166062.9,0.0,1795695.61,10.81,2020,12
Morelos,5731.0,5579.0,0.0,50402.5,9.03,2020,12
Nayarit,7724.3,6885.8,0.0,69598.69,10.11,2020,12
Nuevo León,691.95,691.45,0.0,2932.38,4.24,2020,12
Oaxaca,3424.15,2560.42,0.0,12778.83,4.99,2020,12
Puebla,3132.76,2347.66,0.0,16940.49,7.22,2020,12
Querétaro,176.0,126.5,0.0,376.64,2.98,2020,12
San Luis Potosí,66.0,30.0,0.0,184.99,6.17,2020,12
Sinaloa,148.5,122.5,0.0,2038.45,16.64,2020,12
Sonora,418.8,30.0,0.0,389.4,12.98,2020,12
Tabasco,59.0,59.0,0.0,306.18,5.19,2020,12
Tamaulipas,4.0,0.0,0.0,0.0,0.0,2020,12
Tlaxcala,27.0,25.0,0.0,197.5,7.9,2020,12
Veracruz,897.0,684.0,0.0,7389.38,10.8,2020,12
Yucatán,523.28,400.32,107.26,8946.72,22.35,2020,12
Zacatecas,45.5,41.5,0.0,294.06,7.09,2020,12
Total,241140.11,224425.94,107.26,2388615.81,10.64,2020,12
